{
  "best_model": "Logistic Regression",
  "models": {
    "Logistic Regression": {
      "accuracy": 0.7416607523066004,
      "precision": 0.5086505190311419,
      "recall": 0.786096256684492,
      "f1_score": 0.6176470588235294,
      "roc_auc": 0.8408845488129375,
      "confusion_matrix": [
        [
          751,
          284
        ],
        [
          80,
          294
        ]
      ]
    },
    "Random Forest": {
      "accuracy": 0.7785663591199432,
      "precision": 0.5870786516853933,
      "recall": 0.5588235294117647,
      "f1_score": 0.5726027397260274,
      "roc_auc": 0.8275840243870933,
      "confusion_matrix": [
        [
          888,
          147
        ],
        [
          165,
          209
        ]
      ]
    },
    "Gradient Boosting": {
      "accuracy": 0.7913413768630234,
      "precision": 0.6290322580645161,
      "recall": 0.5213903743315508,
      "f1_score": 0.5701754385964912,
      "roc_auc": 0.8387584282724947,
      "confusion_matrix": [
        [
          920,
          115
        ],
        [
          179,
          195
        ]
      ]
    },
    "XGBoost": {
      "accuracy": 0.7551454932576295,
      "precision": 0.5269016697588126,
      "recall": 0.7593582887700535,
      "f1_score": 0.6221248630887185,
      "roc_auc": 0.8398873646955488,
      "confusion_matrix": [
        [
          780,
          255
        ],
        [
          90,
          284
        ]
      ]
    }
  }
}